STT,MÃ VẬT TƯ,TÊN VẬT TƯ,ĐVT,DANH MỤC
1,VT0001,Bạc đạn 6203 thường,cái,Vòng bi - Bạc đạn
2,VT0002,Bạc đạn 6202 thường,cái,Vòng bi - Bạc đạn
3,VT0003,Bạc đạn 6203 Koyo( Quạt đỏ),cái,Vòng bi - Bạc đạn
4,VT0004,Bạc đạn 6204 thường (xe rùa),cái,Vòng bi - Bạc đạn
5,VT0005,Bạc đạn 6205 Koyo,cái,Vòng bi - Bạc đạn
6,VT0006,Bạc đạn 6307 Koyo,cái,Vòng bi - Bạc đạn
7,VT0007,Bạc đạn 6301 thường,cái,Vòng bi - Bạc đạn
8,VT0008,Bạc đạn 6303 thường,cái,Vòng bi - Bạc đạn
9,VT0009,Bạc đạn 6311 Koyo( cối đập bắp cũ),cái,Vòng bi - Bạc đạn
10,VT0010,Bạc đạn F209,cái,Vòng bi - Bạc đạn
11,VT0011,Bạc đạn FL208,cái,Vòng bi - Bạc đạn
12,VT0012,Bạc đạn NSK DAC30600037309(quạt trắng),cái,Vòng bi - Bạc đạn
13,VT0013,Bạc đạn UC212,cái,Vòng bi - Bạc đạn
14,VT0014,Bạc đạn UC213,cái,Vòng bi - Bạc đạn
15,VT0015,Bạc đạn UCF205( máy đóng bao),cái,Vòng bi - Bạc đạn
16,VT0016,Bạc đạn UCF206( máy đống bao),cái,Vòng bi - Bạc đạn
17,VT0017,Bạc đạn UCF208,cái,Vòng bi - Bạc đạn
18,VT0018,Bạc đạn UCFL 209(cào phân),cái,Vòng bi - Bạc đạn
19,VT0019,Bạc đạn UCFL206(băng tải cào phân khu 5),cái,Vòng bi - Bạc đạn
20,VT0020,Bạc đạn UCP206( cối đập bắp mới),cái,Vòng bi - Bạc đạn
21,VT0021,Bạc đạn UCP208,cái,Vòng bi - Bạc đạn
22,VT0022,Bạc đạn UCP209(băng tải),cái,Vòng bi - Bạc đạn
23,VT0023,Bạc đạn UCP212( con lăn cối đập bắp mới),cái,Vòng bi - Bạc đạn
24,VT0024,Bản lề lá,cái,Kim khí - Bulong - Ốc vít
25,VT0025,Băng keo điện đen,cuộn,Dầu mỡ - Hóa chất - Sơn
26,VT0026,Bánh răng máy đảo phân,cái,Dây curoa - Nhông xích - Truyền động
27,VT0027,Bánh xe đỏ A150,cái,Phụ tùng Xe - Máy móc
28,VT0028,Bánh xe đỏ A200,cái,Phụ tùng Xe - Máy móc
29,VT0029,Bánh xe nâng nhỏ,cái,Phụ tùng Xe - Máy móc
30,VT0030,Bánh xe trắng,cái,Phụ tùng Xe - Máy móc
31,VT0031,Bao tay len,đôi,Công cụ - Dụng cụ - Bảo hộ
32,VT0032,Bao tay mủ,đôi,Công cụ - Dụng cụ - Bảo hộ
33,VT0033,Bạt 2 da,cây,Vật tư Đóng gói - Bạt - Dây
34,VT0034,Bạt đen Thái Lan,cây,Vật tư Đóng gói - Bạt - Dây
35,VT0035,Béc cam xịt rửa,cái,Vật tư Nước - Khí nén
36,VT0036,Béc cắt gió đá,cái,Vật tư Hàn - Cắt - Gia công
37,VT0037,Béc hàn 0.8ly,cái,Vật tư Hàn - Cắt - Gia công
38,VT0038,Béc hàn 1.2ly,cái,Vật tư Hàn - Cắt - Gia công
39,VT0039,Béc cắt plasma,cái,Vật tư Hàn - Cắt - Gia công
40,VT0040,Bình ắc quy 12V-8Ah,cái,Vật tư Điện - Điện tử
41,VT0041,Bình ắc quy 70AH,cái,Vật tư Điện - Điện tử
42,VT0042,Bộ bánh cao su lõi thép máy đảo phân,cái,Thiết bị Chăn nuôi - Nông nghiệp
43,VT0043,Bộ bánh xe máy đảo phân,cái,Phụ tùng Xe - Máy móc
44,VT0044,Bộ chia hơi 3 chân,cái,Vật tư Nước - Khí nén
45,VT0045,Bo cho gà ăn,cái,Vật tư Điện - Điện tử
46,VT0046,Bộ đếm bao phân điện tử,cái,Vật tư Đóng gói - Bạt - Dây
47,VT0047,Bộ đếm cơ,cái,Vật tư Khác
48,VT0048,Bo dẹp loại mới,cái,Vật tư Điện - Điện tử
49,VT0049,Bơm định lượng hóa chất lỏng,cái,Vật tư Nước - Khí nén
50,VT0050,Bóng đèn hồng ngoại,cái,Vật tư Điện - Điện tử
51,VT0051,Bóng đèn vàng 18W,cái,Vật tư Điện - Điện tử
52,VT0052,Buli moter quạt đỏ,cái,Dây curoa - Nhông xích - Truyền động
53,VT0053,Buli kéo cáp cho gà ăn,cái,Dây curoa - Nhông xích - Truyền động
54,VT0054,Bulong 12x30(máy đảo phân),bộ,Thiết bị Chăn nuôi - Nông nghiệp
55,VT0055,Bulong 14x120 trắng,cái,Kim khí - Bulong - Ốc vít
56,VT0056,Cân bàn 30kg,cái,Công cụ - Dụng cụ - Bảo hộ
57,VT0057,Cân bàn 5kg,cái,Công cụ - Dụng cụ - Bảo hộ
58,VT0058,Càng xoay A150,cái,Phụ tùng Xe - Máy móc
59,VT0059,Càng xoay A200,cái,Phụ tùng Xe - Máy móc
60,VT0060,Cánh quạt đỏ OMYSU,cánh,Vật tư Điện - Điện tử
61,VT0061,Cánh quạt máy đập bắp,cánh,Vật tư Điện - Điện tử
62,VT0062,Cáp inox 5ly,mét,Vật tư Điện - Điện tử
63,VT0063,Cây bơm mỡ bò,cây,Công cụ - Dụng cụ - Bảo hộ
64,VT0064,Cây đỡ nước,cây,Vật tư Khác
65,VT0065,CB cóc 1 pha 20A,cái,Vật tư Điện - Điện tử
66,VT0066,CB khối 100A,cái,Vật tư Điện - Điện tử
67,VT0067,CB khối 225A,cái,Vật tư Điện - Điện tử
68,VT0068,CB khối 250A,cái,Vật tư Điện - Điện tử
69,VT0069,CB khối 30A,cái,Vật tư Điện - Điện tử
70,VT0070,CB khối 400A,cái,Vật tư Điện - Điện tử
71,VT0071,CB khối 50A,cái,Vật tư Điện - Điện tử
72,VT0072,CB khối 75A,cái,Vật tư Điện - Điện tử
73,VT0073,CB tép 1 pha 10A,cái,Vật tư Điện - Điện tử
74,VT0074,CB tép 1 pha 16-20A bãi,cái,Vật tư Điện - Điện tử
75,VT0075,Cb tép 1 pha 6-10A bãi,cái,Vật tư Điện - Điện tử
76,VT0076,CB tép 3 pha 50A,cái,Vật tư Điện - Điện tử
77,VT0077,CB tép 3 pha 50A bãi,cái,Vật tư Điện - Điện tử
78,VT0078,Chai R7,chai,Dầu mỡ - Hóa chất - Sơn
79,VT0079,Chỉ may bao,cuộn,Vật tư Đóng gói - Bạt - Dây
80,VT0080,Chổi cỏ,cây,Công cụ - Dụng cụ - Bảo hộ
81,VT0081,Chổi dừa,cây,Công cụ - Dụng cụ - Bảo hộ
82,VT0082,Chổi nhựa,cây,Công cụ - Dụng cụ - Bảo hộ
83,VT0083,Chụp khí 200A,cái,Vật tư Hàn - Cắt - Gia công
84,VT0084,Chụp khí 500A,cái,Vật tư Hàn - Cắt - Gia công
85,VT0085,Chụp sứ lớn máy cắt plasma,cái,Vật tư Hàn - Cắt - Gia công
86,VT0086,Co 27,cái,Vật tư Nước - Khí nén
87,VT0087,Co 34,cái,Vật tư Nước - Khí nén
88,VT0088,Co 42,cái,Vật tư Nước - Khí nén
89,VT0089,Co 49,cái,Vật tư Nước - Khí nén
90,VT0090,Cổ dê inox,cái,Kim khí - Bulong - Ốc vít
91,VT0091,Cọ quét sơn,cái,Dầu mỡ - Hóa chất - Sơn
92,VT0092,Cọc bình,cái,Vật tư Khác
93,VT0093,Cóc điện,cái,Vật tư Khác
94,VT0094,Còi báo 12VDC-100W 300dB,cái,Vật tư Điện - Điện tử
95,VT0095,Con mắt cám,con,Thiết bị Chăn nuôi - Nông nghiệp
96,VT0096,Công tắc đen xoay 3VT phi 30,cái,Vật tư Điện - Điện tử
97,VT0097,Công tắc nhấn nhả có đèn đỏ,cái,Vật tư Điện - Điện tử
98,VT0098,Công tắc nhấn nhả có đèn xanh,cái,Vật tư Điện - Điện tử
99,VT0099,Cos bình,cái,Vật tư Điện - Điện tử
100,VT0100,Cos điện đồng 240,cái,Vật tư Điện - Điện tử
101,VT0101,Cos điện nhôm 150,cái,Vật tư Điện - Điện tử
102,VT0102,Cos điện nhôm 95,cái,Vật tư Điện - Điện tử
103,VT0103,Cos điện đồng 50,cái,Vật tư Điện - Điện tử
104,VT0104,Cos điện đồng 16,cái,Vật tư Điện - Điện tử
105,VT0105,Cốt gắn bạc đạn quạt,cái,Vòng bi - Bạc đạn
106,VT0106,Cốt máy đập bắp,cái,Dây curoa - Nhông xích - Truyền động
107,VT0107,Công tắc xoay 3 vị trí CRSL-253A1,cái,Vật tư Điện - Điện tử
108,VT0108,CTHT TZ-8108,cái,Vật tư Khác
109,VT0109,Cửa lồng lớn,cái,Thiết bị Chăn nuôi - Nông nghiệp
110,VT0110,Cước chà máng,kg,Thiết bị Chăn nuôi - Nông nghiệp
111,VT0111,Đá cắt 100,viên,Vật tư Hàn - Cắt - Gia công
112,VT0112,Đá cắt 125,viên,Vật tư Hàn - Cắt - Gia công
113,VT0113,Đá cắt 150,viên,Vật tư Hàn - Cắt - Gia công
114,VT0114,Đá cắt 350,viên,Vật tư Hàn - Cắt - Gia công
115,VT0115,Đá mài 100,viên,Vật tư Hàn - Cắt - Gia công
116,VT0116,Đá mài 180,viên,Vật tư Hàn - Cắt - Gia công
117,VT0117,Đầu hàn,cái,Vật tư Hàn - Cắt - Gia công
118,VT0118,Dầu máy nén khí SHL Super Compressor-46,lít,Vật tư Hàn - Cắt - Gia công
119,VT0119,Đầu moter DC cho gà ăn,cái,Vật tư Điện - Điện tử
120,VT0120,Đầu nối ống xịt rửa,cái,Vật tư Nước - Khí nén
121,VT0121,Đầu rút river,bộ,Kim khí - Bulong - Ốc vít
122,VT0122,Dầu thắng VH3-2,chai,Dầu mỡ - Hóa chất - Sơn
123,VT0123,Dầu trợ lực tay lái,chai,Dầu mỡ - Hóa chất - Sơn
124,VT0124,Dây curoa răng 8640(cối trộn mix),sợi,Dây curoa - Nhông xích - Truyền động
125,VT0125,Dây curoa 81340,sợi,Dây curoa - Nhông xích - Truyền động
126,VT0126,Dây curoa A32,sợi,Dây curoa - Nhông xích - Truyền động
127,VT0127,Dây curoa A42,sợi,Dây curoa - Nhông xích - Truyền động
128,VT0128,Dây curoa A47,sợi,Dây curoa - Nhông xích - Truyền động
129,VT0129,Dây curoa A60,sợi,Dây curoa - Nhông xích - Truyền động
130,VT0130,Dây curoa A64,sợi,Dây curoa - Nhông xích - Truyền động
131,VT0131,Dây curoa A68,sợi,Dây curoa - Nhông xích - Truyền động
132,VT0132,Dây curoa A86 (quạt đỏ),sợi,Dây curoa - Nhông xích - Truyền động
133,VT0133,Dây curoa B117( cối trộn cám),sợi,Dây curoa - Nhông xích - Truyền động
134,VT0134,Dây curoa B118(cối trộn cám),sợi,Dây curoa - Nhông xích - Truyền động
135,VT0135,Dây curoa B122( máy đập bắp cũ),sợi,Dây curoa - Nhông xích - Truyền động
136,VT0136,Dây curoa B46,sợi,Dây curoa - Nhông xích - Truyền động
137,VT0137,Dây curoa B59,sợi,Dây curoa - Nhông xích - Truyền động
138,VT0138,Dây curoa B73,sợi,Dây curoa - Nhông xích - Truyền động
139,VT0139,Dây curoa B85,sợi,Dây curoa - Nhông xích - Truyền động
140,VT0140,Dây curoa B86,sợi,Dây curoa - Nhông xích - Truyền động
141,VT0141,Dây curoa B99,sợi,Dây curoa - Nhông xích - Truyền động
142,VT0142,Dây curoa C136( máy đập bắp mới),sợi,Dây curoa - Nhông xích - Truyền động
143,VT0143,Dây điện đơn CV2.5 xanh,mét,Vật tư Điện - Điện tử
144,VT0144,Dây điện 3x4.0,mét,Vật tư Điện - Điện tử
145,VT0145,Dây điện 2x0.75 CDS,mét,Vật tư Điện - Điện tử
146,VT0146,Dây điện 2x1.5 CDS,mét,Vật tư Điện - Điện tử
147,VT0147,Dây điện 2x2.5 CDS,mét,Vật tư Điện - Điện tử
148,VT0148,Dây điện 2x4.0 CDS,mét,Vật tư Điện - Điện tử
149,VT0149,Dây điện 3x0.75 CDS,mét,Vật tư Điện - Điện tử
150,VT0150,Dây điện 3x1.5 CDS,mét,Vật tư Điện - Điện tử
151,VT0151,Dây điện 3x2.5 CDS,mét,Vật tư Điện - Điện tử
152,VT0152,Dây điện 3x6.0 CDS,mét,Vật tư Điện - Điện tử
153,VT0153,Dây dò nhiệt DSFox-X10,sợi,Vật tư Điện - Điện tử
154,VT0154,Dây dò nhiệt DSFox-XD20,sợi,Vật tư Điện - Điện tử
155,VT0155,Dây dò nhiệt Fox-2001F,sợi,Vật tư Điện - Điện tử
156,VT0156,Dây dò nhiệt inox,sợi,Vật tư Điện - Điện tử
157,VT0157,Dây dò nhiệt nhựa,sợi,Vật tư Điện - Điện tử
158,VT0158,Dây dù 5mm,mét,Vật tư Đóng gói - Bạt - Dây
159,VT0159,Dây hàn lõi thuốc 1.2(15kg/cuộn),cuộn,Vật tư Hàn - Cắt - Gia công
160,VT0160,Dây hàn nối bình,mét,Vật tư Hàn - Cắt - Gia công
161,VT0161,Dây hàn trần 0.8(15kg/cuộn),cuộn,Vật tư Hàn - Cắt - Gia công
162,VT0162,Dây lưới cào phân 22ly,cuộn,Thiết bị Chăn nuôi - Nông nghiệp
163,VT0163,Dây nguồn sạc,cái,Vật tư Điện - Điện tử
164,VT0164,Co 140,cuộn,Vật tư Nước - Khí nén
165,VT0165,Dây trắng,cây,Vật tư Đóng gói - Bạt - Dây
166,VT0166,Dây vàng,cây,Vật tư Đóng gói - Bạt - Dây
167,VT0167,Domino,cái,Vật tư Điện - Điện tử
168,VT0168,Dung môi pha sơn,lít,Dầu mỡ - Hóa chất - Sơn
169,VT0169,Đế rơ le 8c,cái,Vật tư Điện - Điện tử
170,VT0170,Đế rơ le trung gian 14 chân,cái,Vật tư Điện - Điện tử
171,VT0171,Đế timer,cái,Vật tư Điện - Điện tử
172,VT0172,Đèn báo pha 3 màu,cái,Vật tư Điện - Điện tử
173,VT0173,Đèn báo pha có còi,cái,Vật tư Điện - Điện tử
174,VT0174,Đèn led trắng 20W,cái,Vật tư Điện - Điện tử
175,VT0175,Đèn led trắng 30W,cái,Vật tư Điện - Điện tử
176,VT0176,Đèn led trắng 50W,cái,Vật tư Điện - Điện tử
177,VT0177,Đèn led trắng 60W,cái,Vật tư Điện - Điện tử
178,VT0178,Đèn led trắng 65W,cái,Vật tư Điện - Điện tử
179,VT0179,Đèn năng lượng mặt trời,cái,Vật tư Điện - Điện tử
180,VT0180,Đèn sau xe tải,cái,Phụ tùng Xe - Máy móc
181,VT0181,Đồng hồ CO2,cái,Vật tư Hàn - Cắt - Gia công
182,VT0182,Đồng hồ gas,cái,Công cụ - Dụng cụ - Bảo hộ
183,VT0183,Đồng hồ nhiệt DSFOX -X10,cái,Vật tư Điện - Điện tử
184,VT0184,Đồng hồ nhiệt DSFOX- XD20,cái,Vật tư Điện - Điện tử
185,VT0185,Đồng hồ nhiệt Fox-2001F,cái,Vật tư Điện - Điện tử
186,VT0186,Đồng hồ oxy,cái,Vật tư Hàn - Cắt - Gia công
187,VT0187,Đồng hồ treo tường,cái,Công cụ - Dụng cụ - Bảo hộ
188,VT0188,Đuôi đèn sứ E27,cái,Vật tư Điện - Điện tử
189,VT0189,Enviclean 1AC(5L/can),can,Thiết bị Chăn nuôi - Nông nghiệp
190,VT0190,Enviclean 3AC(5L/can),can,Thiết bị Chăn nuôi - Nông nghiệp
191,VT0191,Ghim bắn lồng lớn CL-24,hộp,Thiết bị Chăn nuôi - Nông nghiệp
192,VT0192,Ghim bắn lồng nhỏ SC-660,hộp,Thiết bị Chăn nuôi - Nông nghiệp
193,VT0193,Giá đỡ moter xịt rửa,cái,Vật tư Điện - Điện tử
194,VT0194,Giấy úm gà,thùng,Thiết bị Chăn nuôi - Nông nghiệp
195,VT0195,Giẻ lau,kg,Công cụ - Dụng cụ - Bảo hộ
196,VT0196,Gương xe 15 tấn,cái,Phụ tùng Xe - Máy móc
197,VT0197,Hộp số moter DC cho gà ăn,cái,Vật tư Điện - Điện tử
198,VT0198,Ke chống bão,cái,Kim khí - Bulong - Ốc vít
199,VT0199,Kẽm buộc lồng,kg,Kim khí - Bulong - Ốc vít
200,VT0200,Keo chống thấm 10F,cuộn,Dầu mỡ - Hóa chất - Sơn
201,VT0201,Kẹo chuột,kg,Thiết bị Chăn nuôi - Nông nghiệp
202,VT0202,Keo dán AB,bộ,Dầu mỡ - Hóa chất - Sơn
203,VT0203,Keo dán bạt,hộp,Dầu mỡ - Hóa chất - Sơn
204,VT0204,Keo dán ống 1kg,hộp,Vật tư Nước - Khí nén
205,VT0205,Keo dán ống 500gr,hộp,Vật tư Nước - Khí nén
206,VT0206,Kéo đen,cái,Công cụ - Dụng cụ - Bảo hộ
207,VT0207,Keo non,cuộn,Dầu mỡ - Hóa chất - Sơn
208,VT0208,Keo sơn lót EXL32,thùng,Dầu mỡ - Hóa chất - Sơn
209,VT0209,Keo sơn phủ EXP310,thùng,Dầu mỡ - Hóa chất - Sơn
210,VT0210,Khoen bấm vàng,cái,Vật tư Khác
211,VT0211,Khởi 22a,cái,Vật tư Điện - Điện tử
212,VT0212,Khởi 330A,cái,Vật tư Điện - Điện tử
213,VT0213,Khởi 40a,cái,Vật tư Điện - Điện tử
214,VT0214,Khởi 65a,cái,Vật tư Điện - Điện tử
215,VT0215,Khởi 75a,cái,Vật tư Điện - Điện tử
216,VT0216,Khởi 85a,cái,Vật tư Điện - Điện tử
217,VT0217,Khởi MC-9b,cái,Vật tư Điện - Điện tử
218,VT0218,Kim cộng lực,cái,Vật tư Khác
219,VT0219,Kim may bao,cái,Vật tư Đóng gói - Bạt - Dây
220,VT0220,Láp nhựa đặc 170,cây,Dây curoa - Nhông xích - Truyền động
221,VT0221,Láp nhựa đặc D42,cây,Dây curoa - Nhông xích - Truyền động
222,VT0222,Lò xo cám ống 90,mét,Thiết bị Chăn nuôi - Nông nghiệp
223,VT0223,Lọc nhớt xe xúc Hoằng Giai 932( K310-23-802),cái,Phụ tùng Xe - Máy móc
224,VT0224,Lọc dầu thô  xe ben 6 tấn( mã 1000401),cái,Phụ tùng Xe - Máy móc
225,VT0225,Lọc dầu tinh xe ben 6 tấn( mã 2000401),cái,Phụ tùng Xe - Máy móc
226,VT0226,Lọc dầu tinh xe ben 8 tấn(G5800-1105140C),cái,Phụ tùng Xe - Máy móc
227,VT0227,Lọc dầu xe xúc Hải Âu( JX85100-C),cái,Phụ tùng Xe - Máy móc
228,VT0228,"Lọc dầu xe xúc HG 932( CX0708) và lọc dầu xe đảo phân, và lọc dầu xe Hải Âu T939LA",cái,Phụ tùng Xe - Máy móc
229,VT0229,Lọc gió máy đảo phân (A1530),cái,Phụ tùng Xe - Máy móc
230,VT0230,Lọc gió xe ben 6 tấn (PU2030),cái,Phụ tùng Xe - Máy móc
231,VT0231,Lọc gió xe ben 8 tấn,cái,Phụ tùng Xe - Máy móc
232,VT0232,Lọc gió xe xúc Hải Âu WL927LA( KT1532),cái,Phụ tùng Xe - Máy móc
233,VT0233,Lọc gió xe xúc Hoằng Giai 932 (mã PU1634) và  lọc gió xe Hải Âu T939LA,cái,Phụ tùng Xe - Máy móc
234,VT0234,Lọc nhớt xe đảo phân (JX0818B),cái,Phụ tùng Xe - Máy móc
235,VT0235,Lọc nhớt xe ben 6 tấn ( JX0810Y),cái,Phụ tùng Xe - Máy móc
236,VT0236,Lọc nhớt xe ben 8 tấn (186-1012000B-937),cái,Phụ tùng Xe - Máy móc
237,VT0237,Lọc dầu xe xúc Hải Âu WL927LA ( CX0708),cái,Phụ tùng Xe - Máy móc
238,VT0238,"Lọc nhớt xe xúc HG 932 ( JX0810Y) và lọc nhớt đảo phân, và lọc nhớt xe Hải Âu T939LA",cái,Phụ tùng Xe - Máy móc
239,VT0239,Long đền 14 trắng,con,Kim khí - Bulong - Ốc vít
240,VT0240,Long đền 4ly,bịch,Kim khí - Bulong - Ốc vít
241,VT0241,Lưỡi cắt mỏ,cái,Vật tư Khác
242,VT0242,Lưỡi dao máy đảo phân,cái,Thiết bị Chăn nuôi - Nông nghiệp
243,VT0243,Lúp pê 42,cái,Vật tư Nước - Khí nén
244,VT0244,Lúp pê 49,cái,Vật tư Nước - Khí nén
245,VT0245,Máng cản phân máy đảo phân,cái,Thiết bị Chăn nuôi - Nông nghiệp
246,VT0246,Máng tạt cám,cái,Thiết bị Chăn nuôi - Nông nghiệp
247,VT0247,Mắt xích 50,cái,Dây curoa - Nhông xích - Truyền động
248,VT0248,Mắt xích 60,cái,Dây curoa - Nhông xích - Truyền động
249,VT0249,Mắt xích 80 đôi,cái,Dây curoa - Nhông xích - Truyền động
250,VT0250,Mắt xích 80 đơn,cái,Dây curoa - Nhông xích - Truyền động
251,VT0251,Máy cắt 100 KSM12,cái,Vật tư Hàn - Cắt - Gia công
252,VT0252,Máy cắt bàn 350,cái,Vật tư Hàn - Cắt - Gia công
253,VT0253,Máy cắt mỏ tự động,cái,Vật tư Hàn - Cắt - Gia công
254,VT0254,Máy doa KST08-25,cái,Vật tư Hàn - Cắt - Gia công
255,VT0255,Máy hàn băng tải phân,cái,Vật tư Hàn - Cắt - Gia công
256,VT0256,Máy may bao GK9-200,cái,Công cụ - Dụng cụ - Bảo hộ
257,VT0257,Máy sát trùng người,cái,Thiết bị Chăn nuôi - Nông nghiệp
258,VT0258,Men envicop(0.45kg/1 túi),kg,Thiết bị Chăn nuôi - Nông nghiệp
259,VT0259,Men khử mùi sả OCF(5L/can),can,Thiết bị Chăn nuôi - Nông nghiệp
260,VT0260,Men trộn Trichoderma,kg,Thiết bị Chăn nuôi - Nông nghiệp
261,VT0261,Miếng cố định dao máy đảo phân,cái,Thiết bị Chăn nuôi - Nông nghiệp
262,VT0262,Mỡ bò chịu nhiệt,kg,Dầu mỡ - Hóa chất - Sơn
263,VT0263,Mỡ bò thường,kg,Dầu mỡ - Hóa chất - Sơn
264,VT0264,Moter DC cho gà ăn,bộ,Vật tư Điện - Điện tử
265,VT0265,Mũi khoan rút ruột,cái,Vật tư Hàn - Cắt - Gia công
266,VT0266,Nẹp nhựa,cây,Kim khí - Bulong - Ốc vít
267,VT0267,Nhông đôi 80-13R cốt 38,cái,Dây curoa - Nhông xích - Truyền động
268,VT0268,Nhông đôi 80-20R cốt 40,cái,Dây curoa - Nhông xích - Truyền động
269,VT0269,Nhông đôi 80-24R cốt 40,cái,Dây curoa - Nhông xích - Truyền động
270,VT0270,Nhông đơn 80-13R cốt 36,cái,Dây curoa - Nhông xích - Truyền động
271,VT0271,Nhông đơn 50-25R cốt 25,cái,Dây curoa - Nhông xích - Truyền động
272,VT0272,Nhông đơn 80-13R cốt 45,cái,Dây curoa - Nhông xích - Truyền động
273,VT0273,Nhớt máy 15W40,lít,Dầu mỡ - Hóa chất - Sơn
274,VT0274,Nhớt máy 20W50,lít,Dầu mỡ - Hóa chất - Sơn
275,VT0275,Nhớt thủy lực AW68( Nhớt 10),lít,Dầu mỡ - Hóa chất - Sơn
276,VT0276,Nối 21,cái,Vật tư Khác
277,VT0277,Nối 27,cái,Vật tư Khác
278,VT0278,Nối 34,cái,Vật tư Khác
279,VT0279,Nối 42,cái,Vật tư Khác
280,VT0280,Nối 49,cái,Vật tư Khác
281,VT0281,Nối béc 200A,cái,Vật tư Nước - Khí nén
282,VT0282,Nối béc hàn 500A,cái,Vật tư Hàn - Cắt - Gia công
283,VT0283,Nối điện nhôm  150,cái,Vật tư Khác
284,VT0284,Nối điện nhôm 95,cái,Vật tư Khác
285,VT0285,Nối điện nhôm 70,cái,Vật tư Khác
286,VT0286,Nối điện nhôm 50,cái,Vật tư Khác
287,VT0287,Nối điện nhôm 16,cái,Vật tư Khác
288,VT0288,Nối ống nước gà uống,cái,Vật tư Nước - Khí nén
289,VT0289,Núm gà uống,cái,Thiết bị Chăn nuôi - Nông nghiệp
290,VT0290,Núm gà uống 360,cái,Thiết bị Chăn nuôi - Nông nghiệp
291,VT0291,Nước làm mát,can,Vật tư Khác
292,VT0292,Nước sát trùng Glubenzyl(20L/can),can,Dầu mỡ - Hóa chất - Sơn
293,VT0293,Nút nhấn khẩn cấp,cái,Vật tư Khác
294,VT0294,Ổ cắm điện trắng 3 lỗ,cái,Vật tư Điện - Điện tử
295,VT0295,Ốc xiết cáp M12,con,Vật tư Điện - Điện tử
296,VT0296,Ốc xiết cáp M5,con,Vật tư Điện - Điện tử
297,VT0297,Ống mềm 27,mét,Vật tư Nước - Khí nén
298,VT0298,Ống nước 114,cây,Vật tư Nước - Khí nén
299,VT0299,Ống nước 140,cây,Vật tư Nước - Khí nén
300,VT0300,Ống nước 21,cây,Vật tư Nước - Khí nén
301,VT0301,Ống nước 27,cây,Vật tư Nước - Khí nén
302,VT0302,Ống nước 34,cây,Vật tư Nước - Khí nén
303,VT0303,Ống nước 60,cây,Vật tư Nước - Khí nén
304,VT0304,Ống nước 90,cây,Vật tư Nước - Khí nén
305,VT0305,Phao cơ bóng phi 27,cái,Vật tư Nước - Khí nén
306,VT0306,Phao cơ xanh phi 27,cái,Vật tư Nước - Khí nén
307,VT0307,Phao điện JY-70AB,cái,Vật tư Nước - Khí nén
308,VT0308,Phễu cám tam giác 1 lỗ đơn,cái,Thiết bị Chăn nuôi - Nông nghiệp
309,VT0309,Phễu cám tam giác 2 lỗ đứng,cái,Thiết bị Chăn nuôi - Nông nghiệp
310,VT0310,Phễu cám trung chuyển inox hộp vuông,cái,Thiết bị Chăn nuôi - Nông nghiệp
311,VT0311,Phích cắm đực,cái,Vật tư Điện - Điện tử
312,VT0312,Phích cắm cái,cái,Vật tư Điện - Điện tử
313,VT0313,Quạt treo 1 dây,cái,Vật tư Điện - Điện tử
314,VT0314,Quạt treo 2 dây,cái,Vật tư Điện - Điện tử
315,VT0315,Que hàn chịu lực 3.2mm,bó,Vật tư Hàn - Cắt - Gia công
316,VT0316,Que hàn điện 2.5mm,bó,Vật tư Hàn - Cắt - Gia công
317,VT0317,Que hàn inox G308 2.5mm,hộp,Vật tư Hàn - Cắt - Gia công
318,VT0318,Rắc co 42,cái,Vật tư Nước - Khí nén
319,VT0319,Rắc co 49,cái,Vật tư Nước - Khí nén
320,VT0320,Ray nhôm,cây,Kim khí - Bulong - Ốc vít
321,VT0321,River inox 4ly,bịch,Kim khí - Bulong - Ốc vít
322,VT0322,RN 34,cái,Vật tư Nước - Khí nén
323,VT0323,RN 42,cái,Vật tư Nước - Khí nén
324,VT0324,RN 49,cái,Vật tư Nước - Khí nén
325,VT0325,Rơ le 8c,cái,Vật tư Điện - Điện tử
326,VT0326,Rờ le chống mất pha APR-3,cái,Vật tư Điện - Điện tử
327,VT0327,Rờ le chống mất pha APR-4,cái,Vật tư Điện - Điện tử
328,VT0328,Rờ le nhiệt 0.63-1A,cái,Vật tư Điện - Điện tử
329,VT0329,Rờ le nhiệt 1.3-1.6A,cái,Vật tư Điện - Điện tử
330,VT0330,Rờ le nhiệt 1.6-2.5A,cái,Vật tư Điện - Điện tử
331,VT0331,Rờ le nhiệt 12-18A,cái,Vật tư Điện - Điện tử
332,VT0332,Rờ le nhiệt 18-25A,cái,Vật tư Điện - Điện tử
333,VT0333,Rờ le nhiệt 2.4-3.6A,cái,Vật tư Điện - Điện tử
334,VT0334,Rờ le nhiệt 2.5-4A,cái,Vật tư Điện - Điện tử
335,VT0335,Rờ le nhiệt 22-32A,cái,Vật tư Điện - Điện tử
336,VT0336,Rờ le nhiệt 28-40A,cái,Vật tư Điện - Điện tử
337,VT0337,Rờ le nhiệt 34-50A,cái,Vật tư Điện - Điện tử
338,VT0338,Rờ le nhiệt 45-65A,cái,Vật tư Điện - Điện tử
339,VT0339,Rờ le nhiệt 4-6A,cái,Vật tư Điện - Điện tử
340,VT0340,Rờ le nhiệt 54-75A,cái,Vật tư Điện - Điện tử
341,VT0341,Rờ le nhiệt 5-8A,cái,Vật tư Điện - Điện tử
342,VT0342,Rờ le nhiệt 9-13A,cái,Vật tư Điện - Điện tử
343,VT0343,Rơ le trung gian 14c,cái,Vật tư Điện - Điện tử
344,VT0344,Ruột béc cắt plasma,cái,Vật tư Hàn - Cắt - Gia công
345,VT0345,Lúp bê 2HP máy xịt sát trùng,cái,Vật tư Nước - Khí nén
346,VT0346,Béc xịt sát trùng,cái,Vật tư Nước - Khí nén
347,VT0347,Ruột xe xúc lật 932 HG  16/70-20,cái,Phụ tùng Xe - Máy móc
348,VT0348,Ruột xe xúc lật nhỏ,cái,Phụ tùng Xe - Máy móc
349,VT0349,Sạc 12V cho còi,cái,Vật tư Điện - Điện tử
350,VT0350,Sạc bô thắng xe xúc lật,cái,Phụ tùng Xe - Máy móc
351,VT0351,Sáp hàn,hộp,Vật tư Hàn - Cắt - Gia công
352,VT0352,Sikadur 31,bộ,Dầu mỡ - Hóa chất - Sơn
353,VT0353,Silicon A300,chai,Dầu mỡ - Hóa chất - Sơn
354,VT0354,Sứ nhỏ máy cắt plasma,cái,Vật tư Hàn - Cắt - Gia công
355,VT0355,Sơn lót EXL32,thùng,Dầu mỡ - Hóa chất - Sơn
356,VT0356,Sơn phủ EXP310,thùng,Dầu mỡ - Hóa chất - Sơn
357,VT0357,Sứ cách điện 200A,cái,Vật tư Khác
358,VT0358,Sứ cách điện 500A,cái,Vật tư Khác
359,VT0359,Sứ điện 3 com,cái,Vật tư Khác
360,VT0360,Súng bắn lồng lớn,cái,Công cụ - Dụng cụ - Bảo hộ
361,VT0361,Súng bắn lồng nhỏ,cái,Công cụ - Dụng cụ - Bảo hộ
362,VT0362,T nước 27,cái,Vật tư Nước - Khí nén
363,VT0363,T nước 34,cái,Vật tư Nước - Khí nén
364,VT0364,T nước 42,cái,Vật tư Nước - Khí nén
365,VT0365,T nước 49,cái,Vật tư Nước - Khí nén
366,VT0366,Tắc kê bánh xe xúc lật,bộ,Phụ tùng Xe - Máy móc
367,VT0367,Tấm giàn lạnh 1800x600x150mm,tấm,Thiết bị Chăn nuôi - Nông nghiệp
368,VT0368,Tấm năng lượng mặt trời,tấm,Vật tư Khác
369,VT0369,Tán 14 trắng,con,Kim khí - Bulong - Ốc vít
370,VT0370,Tăng đơ M12,cái,Kim khí - Bulong - Ốc vít
371,VT0371,Tăng xích(bánh xe có trục)máy đảo phân,cái,Dây curoa - Nhông xích - Truyền động
372,VT0372,Than maý cắt  bàn 350(44),hộp,Vật tư Khác
373,VT0373,Than máy cắt bàn 350 CB203A,hộp,Vật tư Hàn - Cắt - Gia công
374,VT0374,Thuốc ruồi Kixam,hộp,Dầu mỡ - Hóa chất - Sơn
375,VT0375,Timer 24h,cái,Vật tư Điện - Điện tử
376,VT0376,Timer đơn T48A-6B-A,cái,Vật tư Điện - Điện tử
377,VT0377,Timer kép TDV-NM,cái,Vật tư Điện - Điện tử
378,VT0378,Tủ điện 60x80x30,cái,Vật tư Điện - Điện tử
379,VT0379,Tủ điện 40x60x21,cái,Vật tư Điện - Điện tử
380,VT0380,Tủ điện 50x70x30,cái,Vật tư Điện - Điện tử
381,VT0381,Ty ren M16x1000 đen,cái,Kim khí - Bulong - Ốc vít
382,VT0382,Ủng,đôi,Công cụ - Dụng cụ - Bảo hộ
383,VT0383,Van điều áp ngắt gas tự động Namilux,cái,Vật tư Nước - Khí nén
384,VT0384,Van điều áp xám Reca Type 755,cái,Vật tư Nước - Khí nén
385,VT0385,Van gas SW-999,cái,Vật tư Nước - Khí nén
386,VT0386,Van heater,cái,Vật tư Điện - Điện tử
387,VT0387,Van nước 21,cái,Vật tư Nước - Khí nén
388,VT0388,Van nước 27,cái,Vật tư Nước - Khí nén
389,VT0389,Van nước 34,cái,Vật tư Nước - Khí nén
390,VT0390,Van nước 42,cái,Vật tư Nước - Khí nén
391,VT0391,Van nước 49,cái,Vật tư Nước - Khí nén
392,VT0392,Vít bắn tole 2.5F,bịch,Kim khí - Bulong - Ốc vít
393,VT0393,Vít bắn tole 5F,bịch,Kim khí - Bulong - Ốc vít
394,VT0394,Vít bắn tole 7.5F,bịch,Kim khí - Bulong - Ốc vít
395,VT0395,Vít trắng 1F9,bịch,Kim khí - Bulong - Ốc vít
396,VT0396,Vỏ béc cắt plasma,cái,Vật tư Hàn - Cắt - Gia công
397,VT0397,Vỹ giấy,cái,Vật tư Khác
398,VT0398,Xích 50-1R,hộp,Dây curoa - Nhông xích - Truyền động
399,VT0399,Xích 60-1R,hộp,Dây curoa - Nhông xích - Truyền động
400,VT0400,Xích 80-1R,hộp,Dây curoa - Nhông xích - Truyền động
401,VT0401,Xích 80-2R,hộp,Dây curoa - Nhông xích - Truyền động
402,VT0402,Yếm xe xúc lật 932 Hoằng Giai,cái,Phụ tùng Xe - Máy móc
403,VT0403,Yếm xe xúc lật nhỏ,cái,Phụ tùng Xe - Máy móc
404,VT0404,Bạc đạn UCF312( xe đảo phân),cái,Vòng bi - Bạc đạn
405,VT0405,Rờ le nhiệt 1-1.6A,cái,Vật tư Điện - Điện tử
406,VT0406,Cos điện nhôm 70,cái,Vật tư Điện - Điện tử
407,VT0407,Bạt đen vải nhựa khổ 2x100m,cây,Vật tư Đóng gói - Bạt - Dây
408,VT0408,Tán 14 đen,con,Kim khí - Bulong - Ốc vít
409,VT0409,Bao mix,cái,Vật tư Đóng gói - Bạt - Dây
410,VT0410,Nồi cơm điện Sharp KSH-D1010V (10L),cái,Công cụ - Dụng cụ - Bảo hộ
411,VT0411,Kẽm trắng 4ly,kg,Kim khí - Bulong - Ốc vít
412,VT0412,La nhôm 6m bắn bạt trần,cây,Kim khí - Bulong - Ốc vít
413,VT0413,Bộ lưỡi trục vít nhỏ,bộ,Dây curoa - Nhông xích - Truyền động
414,VT0414,Lọc dầu xe xúc lớn 946 Hoằng Giai( CX0712B),cái,Phụ tùng Xe - Máy móc
415,VT0415,Lọc nhớt xe xúc lớn 946 Hoằng Giai( JX1011),cái,Phụ tùng Xe - Máy móc
416,VT0416,Lọc gió xe xúc lớn 946 Hoằng Giai(K2036),cái,Phụ tùng Xe - Máy móc
417,VT0417,Dây điện đơn CV2.5 đen,mét,Vật tư Điện - Điện tử
418,VT0418,Rắc co 34,cái,Vật tư Nước - Khí nén
419,VT0419,Cánh bơm moter 3 pha,cái,Vật tư Điện - Điện tử
420,VT0420,Bo mới hình chữ nhật lớn,cái,Vật tư Điện - Điện tử
421,VT0421,Dây hút máy xịt rửa,sợi,Vật tư Nước - Khí nén
422,VT0422,Dây xả máy xịt rửa,sợi,Vật tư Nước - Khí nén
423,VT0423,Bulong 12x50,con,Kim khí - Bulong - Ốc vít
424,VT0424,Tụ điện 300,cái,Vật tư Điện - Điện tử
425,VT0425,Dây mềm phi 27,mét,Vật tư Nước - Khí nén
426,VT0426,Lược rác,cái,Vật tư Khác
427,VT0427,Dây chữa cháy D50x20m,cuộn,Vật tư Đóng gói - Bạt - Dây
428,VT0428,Lăng B,cái,Vật tư Khác
429,VT0429,Cos điện đồng 120,cái,Vật tư Điện - Điện tử
430,VT0430,CB tép 1 pha 20A,cái,Vật tư Điện - Điện tử
431,VT0431,Rờ le bảo vệ pha JKN 380v,cái,Vật tư Điện - Điện tử
432,VT0432,Dây điện 3x16+1x10 đồng,mét,Vật tư Điện - Điện tử
433,VT0433,Đề máy phát điện(xe 15 tấn),cái,Phụ tùng Xe - Máy móc
434,VT0434,Màn hình led máy đóng bao,cái,Vật tư Đóng gói - Bạt - Dây
435,VT0435,Dây tín hiệu kéo dàn lạnh,mét,Công cụ - Dụng cụ - Bảo hộ
436,VT0436,Ống mềm dẻo D25 trong,mét,Vật tư Nước - Khí nén
437,VT0437,Dây điện đơn 0.75 đỏ,mét,Vật tư Điện - Điện tử
438,VT0438,Dây điện đơn 0.75 xanh,mét,Vật tư Điện - Điện tử
439,VT0439,Ống nước 42,cây,Vật tư Nước - Khí nén
440,VT0440,CB tép 3pha 20A,cái,Vật tư Điện - Điện tử
441,VT0441,Đèn led trắng 40W,cái,Vật tư Điện - Điện tử
442,VT0442,Dây điện LV ABC 4x50,mét,Vật tư Điện - Điện tử
443,VT0443,Bạc đạn UCP213(cối trộn mix),cái,Vòng bi - Bạc đạn
444,VT0444,RT 27,cái,Vật tư Nước - Khí nén
445,VT0445,Dây điện đơn CV 6 xanh,mét,Vật tư Điện - Điện tử
446,VT0446,Dây điện đơn CV 6 vàng,mét,Vật tư Điện - Điện tử
447,VT0447,Dây điện đơn CV 6 đỏ,mét,Vật tư Điện - Điện tử
448,VT0448,Sò bơm nước 1.5HP Tân Hoàn Cầu,cái,Vật tư Nước - Khí nén
449,VT0449,Dây nước mềm trong phi 25,cuộn,Vật tư Khác
450,VT0450,Dây xịt sát trùng(50m/cuộn),cuộn,Dầu mỡ - Hóa chất - Sơn
451,VT0451,Dây điện tín hiệu ZC-AVVR 2x0.2 mm2,mét,Vật tư Điện - Điện tử
452,VT0452,Dây điện đơn CV4 xanh,mét,Vật tư Điện - Điện tử
453,VT0453,Dây điện đơn CV4 vàng,mét,Vật tư Điện - Điện tử
454,VT0454,Dây điện đơn CV4 đỏ,mét,Vật tư Điện - Điện tử
455,VT0455,Dây rút,bịch,Vật tư Đóng gói - Bạt - Dây
456,VT0456,Trục vit máy đóng bao xưởng phân( trục lớn),cái,Dây curoa - Nhông xích - Truyền động
457,VT0457,Trục vit máy đóng bao xưởng phân( trục nhỏ),cái,Dây curoa - Nhông xích - Truyền động
458,VT0458,Dây điện 4x2.5,mét,Vật tư Điện - Điện tử
459,VT0459,Dây điện đôi VCmd 2x1.5 vàng,mét,Vật tư Điện - Điện tử
460,VT0460,Dây điện CV16 đồng,mét,Vật tư Điện - Điện tử
461,VT0461,Khởi 12A (Mitsu),cái,Vật tư Điện - Điện tử
462,VT0462,Rơ le nhiệt 2.8-4.4A( Mitsu),cái,Vật tư Điện - Điện tử
463,VT0463,Rơ le chống mất pha,cái,Vật tư Điện - Điện tử
464,VT0464,Nẹp nhựa 25x45,cây,Kim khí - Bulong - Ốc vít
465,VT0465,Nẹp nhựa 25x25,cây,Kim khí - Bulong - Ốc vít
466,VT0466,Bình hơi xe xúc lật,cái,Phụ tùng Xe - Máy móc
467,VT0467,Dây điện CXV 3x10,mét,Vật tư Điện - Điện tử
468,VT0468,Lọc nhớt MO-1623,cái,Phụ tùng Xe - Máy móc
469,VT0469,Lọc nhớt xe ben 8 tấn (JX0813),cái,Phụ tùng Xe - Máy móc
470,VT0470,Lọc dầu tinh xe ben 8 tấn( D5H00-1105140A),cái,Phụ tùng Xe - Máy móc
471,VT0471,Lọc dầu thô xe ben 8 tấn( J7W00-1105350),cái,Phụ tùng Xe - Máy móc
472,VT0472,Lò xo kim chích Socorec,cái,Thiết bị Chăn nuôi - Nông nghiệp
473,VT0473,Ống thủy Socorec 0.5ml,cái,Vật tư Nước - Khí nén
474,VT0474,Nhớt Novo Japan GL-5 Ep90(4L),can,Dầu mỡ - Hóa chất - Sơn
475,VT0475,Đồng hồ đo bình ắc quy,cái,Vật tư Điện - Điện tử
476,VT0476,Thùng phi 200L,cái,Vật tư Khác
477,VT0477,Máy may bao GK9-200 sửa,cái,Công cụ - Dụng cụ - Bảo hộ
478,VT0478,Khóa 90,cái,Kim khí - Bulong - Ốc vít
479,VT0479,Ổ cắm CN 1 pha,cặp,Vật tư Điện - Điện tử
480,VT0480,Co 60,cái,Vật tư Nước - Khí nén
481,VT0481,Lọc rác 60,cái,Vật tư Nước - Khí nén
482,VT0482,Bồn nước 1000L Đại Thành ngang,cái,Vật tư Nước - Khí nén
483,VT0483,Cân bàn 60kg,cái,Công cụ - Dụng cụ - Bảo hộ
484,VT0484,Đèn cắt gió đá,cái,Vật tư Điện - Điện tử
485,VT0485,Bình ắc quy 150AH,bình,Vật tư Điện - Điện tử
486,VT0486,Lưới lan khổ 3mx50m,cuộn,Thiết bị Chăn nuôi - Nông nghiệp
487,VT0487,Máy cắt 100 DE,cái,Vật tư Hàn - Cắt - Gia công
488,VT0488,Cảo 3 chân 4in,cái,Công cụ - Dụng cụ - Bảo hộ
489,VT0489,Bạt xe 15 tấn 7mx3.3m,tấm,Vật tư Đóng gói - Bạt - Dây
490,VT0490,Lọc nhớt xe đảo phân JX0810B,cái,Phụ tùng Xe - Máy móc
491,VT0491,Dây kích bình,bộ,Vật tư Khác
492,VT0492,Dây cáp đấu bình máy phát,mét,Vật tư Điện - Điện tử
493,VT0493,Buly cốt 28,cái,Dây curoa - Nhông xích - Truyền động
494,VT0494,Buly cốt 34,cái,Dây curoa - Nhông xích - Truyền động
495,VT0495,Đèn Led 15 bóng,bộ,Vật tư Điện - Điện tử
496,VT0496,Cây bơm dầu,cây,Vật tư Nước - Khí nén
497,VT0497,Dây điện đơn cdv CV25,mét,Vật tư Điện - Điện tử
498,VT0498,Bạc đạn 7311(cối đập bắp cũ),cái,Vòng bi - Bạc đạn
499,VT0499,Dây điện nhôm CDV LV-ABC-4x150,mét,Vật tư Điện - Điện tử
500,VT0500,Lọc dầu xe ben 15 tấn SF-2217,cái,Phụ tùng Xe - Máy móc
501,VT0501,Tủ điện nhỏ,cái,Vật tư Điện - Điện tử
502,VT0502,Dây điện CV120 đồng,mét,Vật tư Điện - Điện tử
503,VT0503,Bạc đạn 6004,cái,Vòng bi - Bạc đạn
504,VT0504,Càng chết A200,cái,Phụ tùng Xe - Máy móc
505,VT0505,Kính hậu xe tải,cái,Phụ tùng Xe - Máy móc
506,VT0506,Cân bàn 2 kg,cái,Công cụ - Dụng cụ - Bảo hộ
507,VT0507,Dây curoa B68,sợi,Dây curoa - Nhông xích - Truyền động
508,VT0508,Dây curoa B69,sợi,Dây curoa - Nhông xích - Truyền động
509,VT0509,Sạc bình 50A,cái,Vật tư Điện - Điện tử
510,VT0510,Bình khô 70Ah,cái,Vật tư Khác
511,VT0511,Dao máy đập bắp mới,cái,Thiết bị Chăn nuôi - Nông nghiệp
512,VT0512,Cos đồng 25,cái,Vật tư Điện - Điện tử
513,VT0513,Dây curoa B106( cối đập bắp trên),sợi,Dây curoa - Nhông xích - Truyền động
514,VT0514,Co 21,cái,Vật tư Nước - Khí nén
515,VT0515,Dây điện đơn 0.5 xanh,mét,Vật tư Điện - Điện tử
516,VT0516,Dây điện đơn 0.5 đỏ,mét,Vật tư Điện - Điện tử
517,VT0517,Dây hút 1HP,sợi,Vật tư Nước - Khí nén
518,VT0518,Phễu cám bơm cám trong trại,cái,Thiết bị Chăn nuôi - Nông nghiệp
519,VT0519,Ổ khóa,cái,Kim khí - Bulong - Ốc vít
520,VT0520,Bộ lục giác,bộ,Công cụ - Dụng cụ - Bảo hộ
521,VT0521,Phễu,cái,Vật tư Khác
522,VT0522,Áo mưa bộ,bộ,Công cụ - Dụng cụ - Bảo hộ
523,VT0523,Tay bơm dầu,cái,Công cụ - Dụng cụ - Bảo hộ
524,VT0524,Bình ắc quy 120Ah,cái,Vật tư Điện - Điện tử
525,VT0525,Xe nâng tay 3 tấn,chiếc,Công cụ - Dụng cụ - Bảo hộ
526,VT0526,Mỏ lết,cái,Công cụ - Dụng cụ - Bảo hộ
527,VT0527,Mỏ lết răng,cái,Công cụ - Dụng cụ - Bảo hộ
528,VT0528,Thuốc chuột,kg,Thiết bị Chăn nuôi - Nông nghiệp
529,VT0529,Long đền 6,kg,Kim khí - Bulong - Ốc vít
530,VT0530,Kìm chết,cái,Công cụ - Dụng cụ - Bảo hộ
531,VT0531,Kìm thường,cái,Công cụ - Dụng cụ - Bảo hộ
532,VT0532,Dây curoa A45,sợi,Dây curoa - Nhông xích - Truyền động
533,VT0533,Dây curoa A33,sợi,Dây curoa - Nhông xích - Truyền động
534,VT0534,Giấy nhám mịn,tờ,Vật tư Khác
535,VT0535,Mũi đục 14,cái,Vật tư Hàn - Cắt - Gia công
536,VT0536,Sơn xịt đỏ,chai,Dầu mỡ - Hóa chất - Sơn
537,VT0537,Bóng đèn 20W,cái,Vật tư Điện - Điện tử
538,VT0538,Bạt đen HQ 2x100m,cây,Vật tư Đóng gói - Bạt - Dây
539,VT0539,Bạc đạn quạt 6203-2RSH,cái,Vòng bi - Bạc đạn
540,VT0540,Băng keo điện màu xanh,cuộn,Dầu mỡ - Hóa chất - Sơn
541,VT0541,Băng keo điện màu đỏ,cuộn,Dầu mỡ - Hóa chất - Sơn
542,VT0542,Băng keo điện màu vàng,cuộn,Dầu mỡ - Hóa chất - Sơn
543,VT0543,CB tép 3 pha 32A,cái,Vật tư Điện - Điện tử
544,VT0544,Dây điện nhôm LV ABC 4x16,mét,Vật tư Điện - Điện tử
545,VT0545,Dây điện cáp nhôm AV 95,mét,Vật tư Điện - Điện tử
546,VT0546,Cos điện 6,cái,Vật tư Điện - Điện tử
547,VT0547,Cos điện 10,cái,Vật tư Điện - Điện tử
548,VT0548,Cos Y chia 1-3( 100 cái),bịch,Vật tư Điện - Điện tử
549,VT0549,Cos Y chia 2-4(100 cái) đỏ,bịch,Vật tư Điện - Điện tử
550,VT0550,Cos Y chia 5-5(100 cái),bịch,Vật tư Điện - Điện tử
551,VT0551,CB ELCB 3F 50A chống giật,cái,Vật tư Điện - Điện tử
552,VT0552,Bộ chìa khóa đồ nghề,bộ,Công cụ - Dụng cụ - Bảo hộ
553,VT0553,Dây dù 4mm,cuộn,Vật tư Đóng gói - Bạt - Dây
554,VT0554,Buly cốt 32,cái,Dây curoa - Nhông xích - Truyền động
555,VT0555,Thùng dầu xe ben cám,cái,Phụ tùng Xe - Máy móc
556,VT0556,Dây hút 2HP,sợi,Vật tư Nước - Khí nén
557,VT0557,RCBO chống giật 20A,cái,Vật tư Điện - Điện tử
558,VT0558,RCBO chống giật 10A,cái,Vật tư Điện - Điện tử
559,VT0559,Máy xiết bulong,bộ,Kim khí - Bulong - Ốc vít
560,VT0560,Vỏ bánh xe xúc 932 (16/70-20),cái,Phụ tùng Xe - Máy móc
561,VT0561,Vỏ bánh xe xúc 946 (16/70-24),cái,Phụ tùng Xe - Máy móc
562,VT0562,Yếm xe xúc lật 946,cái,Phụ tùng Xe - Máy móc
563,VT0563,Ruột xe xúc lật 946 HG 16/70-24,cái,Phụ tùng Xe - Máy móc
564,VT0564,Van điện từ heater,cái,Vật tư Điện - Điện tử
565,VT0565,Đồng hồ heater,cái,Vật tư Điện - Điện tử
566,VT0566,Máy hàn que 200 Ares,cái,Vật tư Hàn - Cắt - Gia công
567,VT0567,Tủ cầu dao đảo chiều 3 pha 300A 660V,cái,Vật tư Điện - Điện tử
568,VT0568,Rờ le nhiệt 7-11A(Mitsubisi),cái,Vật tư Điện - Điện tử
569,VT0569,CB tép 1 pha 6A,cái,Vật tư Điện - Điện tử
570,VT0570,Tủ điện ngoài trời 400x500x210 có mái che,cái,Vật tư Điện - Điện tử
571,VT0571,Ống cám trắng 90,cái,Thiết bị Chăn nuôi - Nông nghiệp
572,VT0572,Lơi cám 90 có sừng,cái,Thiết bị Chăn nuôi - Nông nghiệp
573,VT0573,Nối cám 90 trắng,cái,Thiết bị Chăn nuôi - Nông nghiệp
574,VT0574,Tụ 600 MFD 250V,cái,Vật tư Điện - Điện tử
575,VT0575,Tụ 40 uF 400VAC,cái,Vật tư Điện - Điện tử
576,VT0576,Kinh đen,cái,Vật tư Khác
577,VT0577,Kính trắng,cái,Vật tư Hàn - Cắt - Gia công
578,VT0578,Chìa khóa 19,cái,Công cụ - Dụng cụ - Bảo hộ
579,VT0579,Bộ kìm bấm coss,bộ,Công cụ - Dụng cụ - Bảo hộ
580,VT0580,Găng tay cách điện,đôi,Công cụ - Dụng cụ - Bảo hộ
581,VT0581,Nhiệt kế trại úm,cái,Thiết bị Chăn nuôi - Nông nghiệp
582,VT0582,Cos điện nhôm 50,cái,Vật tư Điện - Điện tử
583,VT0583,Cân bàn điện tử 300kg,cái,Công cụ - Dụng cụ - Bảo hộ
584,VT0584,Lọc gió hộp,cái,Phụ tùng Xe - Máy móc
585,VT0585,Ống xả,cái,Vật tư Nước - Khí nén
586,VT0586,Lam gầu,cái,Phụ tùng Xe - Máy móc
587,VT0587,Lọc dầu CX0710B1 xe xúc Hải Âu T939LA,cái,Phụ tùng Xe - Máy móc
588,VT0588,Cos nhôm 185,cái,Vật tư Điện - Điện tử
589,VT0589,Cos Y chia 2-3,cái,Vật tư Điện - Điện tử
590,VT0590,Bạt xe ben 8 tấn,cái,Phụ tùng Xe - Máy móc
591,VT0591,Máng gà ăn 4 m,cái,Thiết bị Chăn nuôi - Nông nghiệp
592,VT0592,Tivi led CooCaa 43 in,cái,Vật tư Điện - Điện tử
593,VT0593,Mũi khoan tháp,cái,Vật tư Hàn - Cắt - Gia công
594,VT0594,Máy trộn cám 100kg,cái,Thiết bị Chăn nuôi - Nông nghiệp
595,VT0595,Heater,bộ,Vật tư Điện - Điện tử
596,VT0596,Pin 2A,hộp,Vật tư Điện - Điện tử
597,VT0597,Đèn báo pha có màu,bộ,Vật tư Điện - Điện tử
598,VT0598,Nắp bình dầu,cái,Dầu mỡ - Hóa chất - Sơn
599,VT0599,Van ưu tiên,cái,Vật tư Nước - Khí nén
600,VT0600,Bộ lọc gió,cái,Phụ tùng Xe - Máy móc
601,VT0601,Lơi 27,cái,Vật tư Nước - Khí nén
602,VT0602,Van hơi,cái,Vật tư Nước - Khí nén
603,VT0603,Mỡ xâu,chai,Dầu mỡ - Hóa chất - Sơn
604,VT0604,Bulong xiết dao đập bắp,bộ,Công cụ - Dụng cụ - Bảo hộ
605,VT0605,Con lăn máy đập bắp mới,con,Dây curoa - Nhông xích - Truyền động
606,VT0606,Lưỡi dao máy cắt cỏ,cái,Vật tư Hàn - Cắt - Gia công
607,VT0607,Nhớt thủy lực -SHELL TELLUS S2 MX68,lít,Dầu mỡ - Hóa chất - Sơn
608,VT0608,Bộ lọc rác 2 tầng máy xịt,bộ,Vật tư Nước - Khí nén
609,VT0609,Bạc đạn 6201,cái,Vòng bi - Bạc đạn
610,VT0610,Tăng đơ M10,cái,Kim khí - Bulong - Ốc vít
611,VT0611,Bếp khò CN,cái,Vật tư Khác
612,VT0612,Nồi cơm điện 3.8L,cái,Công cụ - Dụng cụ - Bảo hộ
613,VT0613,Máy nén cao áp,cái,Vật tư Nước - Khí nén
614,VT0614,Dây điện đơn CV 2.5 Vàng,mét,Vật tư Điện - Điện tử
615,VT0615,Men 704,kg,Thiết bị Chăn nuôi - Nông nghiệp
616,VT0616,Bình ắc quy 100 AH,cái,Vật tư Điện - Điện tử
617,VT0617,Nhớt 90(can 5L),can,Dầu mỡ - Hóa chất - Sơn
618,VT0618,Nhớt 140 (can 5L),can,Dầu mỡ - Hóa chất - Sơn
619,VT0619,Bạc đạn 6305 koyo,cái,Vòng bi - Bạc đạn
620,VT0620,Ống dầu 8li,mét,Vật tư Nước - Khí nén
621,VT0621,Bulong 20x80 đen,bộ,Kim khí - Bulong - Ốc vít
622,VT0622,Dây curoa răng 8680(xe xúc 932),sợi,Dây curoa - Nhông xích - Truyền động
623,VT0623,RT 21,cái,Vật tư Nước - Khí nén
624,VT0624,Ống nước 49,cây,Vật tư Nước - Khí nén
625,VT0625,Dây curoa răng 6860,sợi,Dây curoa - Nhông xích - Truyền động
626,VT0626,Dây đo đồng hồ điện,cặp,Vật tư Điện - Điện tử
627,VT0627,Khuôn ép cos cho kìm thuỷ lực 16mm,cặp,Vật tư Điện - Điện tử
628,VT0628,Khuôn ép cos cho kìm thuỷ lực 25mm,cặp,Vật tư Điện - Điện tử
629,VT0629,Khuôn ép cos cho kìm thuỷ lực 35mm,cặp,Vật tư Điện - Điện tử
630,VT0630,Máy thổi khí,cái,Vật tư Hàn - Cắt - Gia công
631,VT0631,Dây điện đơn đỏ CV 2.5,mét,Vật tư Điện - Điện tử
632,VT0632,Bóng đèn 18W PHILIPS,cái,Vật tư Điện - Điện tử
633,VT0633,Bóng led 9W OSRAM,cái,Vật tư Khác
634,VT0634,Cân trứng 30 kg sửa,cái,Công cụ - Dụng cụ - Bảo hộ
635,VT0635,Bóng led 9W BÚP,cái,Vật tư Khác
636,VT0636,Buli máy xịt chuồng heo,cái,Dây curoa - Nhông xích - Truyền động
637,VT0637,Vấu phay(bắt dao đảo phân),cái,Công cụ - Dụng cụ - Bảo hộ
638,VT0638,Lò xo cám ống 125(Khu 5),mét,Thiết bị Chăn nuôi - Nông nghiệp
639,VT0639,Cóc xả hơi xe xúc,cái,Phụ tùng Xe - Máy móc
640,VT0640,Bánh xe 15t cũ,cái,Phụ tùng Xe - Máy móc
641,VT0641,Giá vi thể dạng cầu,trái,Vật tư Khác
642,VT0642,Đĩa khí,cái,Vật tư Hàn - Cắt - Gia công
643,VT0643,Con đội 20t,con,Công cụ - Dụng cụ - Bảo hộ
644,VT0644,Dây curoa B84,sợi,Dây curoa - Nhông xích - Truyền động
645,VT0645,Bánh xe sắt,cái,Phụ tùng Xe - Máy móc
646,VT0646,Bình nước gà uống 4L,cái,Vật tư Khác
647,VT0647,Khởi 12A,cái,Vật tư Điện - Điện tử
648,VT0648,Nối điện đồng 150,cái,Vật tư Khác
649,VT0649,Nối điện đồng 50,cái,Vật tư Khác
650,VT0650,Cos điện nhôm 16,cái,Vật tư Điện - Điện tử
651,VT0651,Cos điện đồng 150,cái,Vật tư Điện - Điện tử
652,VT0652,Tụ 30uF 400 VAC,cái,Vật tư Điện - Điện tử
653,VT0653,Tụ 400MFD 250V,cái,Vật tư Điện - Điện tử
654,VT0654,T27-21,cái,Vật tư Khác
655,VT0655,T34-27,cái,Vật tư Khác
656,VT0656,T42-34,cái,Vật tư Khác
657,VT0657,Co 90,cái,Vật tư Nước - Khí nén
658,VT0658,Lơi 60,cái,Vật tư Nước - Khí nén
659,VT0659,Dây curoa A43,sợi,Dây curoa - Nhông xích - Truyền động
660,VT0660,Dây curoa răng 8650(máy sàng phân k4),sợi,Dây curoa - Nhông xích - Truyền động
661,VT0661,Dây curoa B64,sợi,Dây curoa - Nhông xích - Truyền động
662,VT0662,Dây curoa răng 8470,sợi,Dây curoa - Nhông xích - Truyền động
663,VT0663,Dây curoa răng 8480,sợi,Dây curoa - Nhông xích - Truyền động
664,VT0664,Dây curoa răng 6310,sợi,Dây curoa - Nhông xích - Truyền động
665,VT0665,Dây curoa B36,sợi,Dây curoa - Nhông xích - Truyền động
666,VT0666,Bạc đạn 6300,cái,Vòng bi - Bạc đạn
667,VT0667,Buly cốt 24,cái,Dây curoa - Nhông xích - Truyền động
668,VT0668,Buly cốt 26,cái,Dây curoa - Nhông xích - Truyền động
669,VT0669,Buly cốt 30,cái,Dây curoa - Nhông xích - Truyền động
670,VT0670,Buly cốt 38,cái,Dây curoa - Nhông xích - Truyền động
671,VT0671,Nhông đơn 80-26R cốt 45,cái,Dây curoa - Nhông xích - Truyền động
672,VT0672,Nhông đơn 50-32R cốt 38,cái,Dây curoa - Nhông xích - Truyền động
673,VT0673,Két nước xe 932,cái,Phụ tùng Xe - Máy móc
674,VT0674,Ống dầu 10 li,mét,Vật tư Nước - Khí nén
675,VT0675,Ống dầu 11 li,mét,Vật tư Nước - Khí nén
676,VT0676,T140,cái,Vật tư Khác
677,VT0677,Phễu rót dầu,cái,Dầu mỡ - Hóa chất - Sơn
678,VT0678,Ắc xe xúc,cái,Phụ tùng Xe - Máy móc
679,VT0679,Long đền lớn xe xúc,cái,Phụ tùng Xe - Máy móc
680,VT0680,Bát khóa xe xúc,cái,Phụ tùng Xe - Máy móc
681,VT0681,Bạc đạn 6204 Koyo,cái,Vòng bi - Bạc đạn
682,VT0682,Két nước xe 946,cái,Phụ tùng Xe - Máy móc
683,VT0683,Thanh ren 8.8 M20x260,cây,Kim khí - Bulong - Ốc vít
684,VT0684,Hóa chất cấy thép Ramset Epcon G5 pro-tuýp 600ml,tuýp,Dầu mỡ - Hóa chất - Sơn
685,VT0685,Súng bắn keo Ramset G5,cái,Công cụ - Dụng cụ - Bảo hộ
686,VT0686,Bulong M12x30 xi 4.6,con,Kim khí - Bulong - Ốc vít
687,VT0687,Bulong M18x60 thép 8.8 xi,con,Kim khí - Bulong - Ốc vít
688,VT0688,Ty giằng M12x1350 xi 4.6,cây,Vật tư Khác
689,VT0689,Ty giằng M12x540 xi 4.6,cây,Vật tư Khác
690,VT0690,Ty giằng M12x1600 xi 4.6,cây,Vật tư Khác
691,VT0691,Vít tôn mạ kẽm nhúng nóng 75mm,con,Kim khí - Bulong - Ốc vít
692,VT0692,Vít tôn mạ kẽm nhúng nóng 25mm,con,Kim khí - Bulong - Ốc vít
693,VT0693,Bulong M20x550 thép đen 8.8,cây,Kim khí - Bulong - Ốc vít
694,VT0694,Bulong M16x450 thép đen 8.8,cây,Kim khí - Bulong - Ốc vít
695,VT0695,Tê 90,cái,Vật tư Nước - Khí nén
696,VT0696,Gương xe ben cám 6 tấn,cái,Phụ tùng Xe - Máy móc
697,VT0697,Cos Y SV1.25-3 ĐỎ,cái,Vật tư Điện - Điện tử
698,VT0698,Cos mỏ vịt C45-6mm,cái,Vật tư Điện - Điện tử
699,VT0699,Cos mỏ vịt C45-16mm,cái,Vật tư Điện - Điện tử
700,VT0700,Đèn pha led 300W,cái,Vật tư Điện - Điện tử
701,VT0701,Bộ khung quạt đỏ Mulifan 3 pha,bộ,Vật tư Điện - Điện tử
702,VT0702,"Bơm tay xe ben 8,5 tấn",cái,Phụ tùng Xe - Máy móc
703,VT0703,Tủ điện 80x100,cái,Vật tư Điện - Điện tử
704,VT0704,Rờ le nhiệt TH-T18  5A(4-6A) Mitsubisi,cái,Vật tư Điện - Điện tử
705,VT0705,Rờ le nhiệt TH-T18  1.7A(1.4-2A) Mitsubisi,cái,Vật tư Điện - Điện tử
706,VT0706,Tán 12,con,Kim khí - Bulong - Ốc vít
707,VT0707,Long đền 12,con,Kim khí - Bulong - Ốc vít
708,VT0708,Tán 20,con,Kim khí - Bulong - Ốc vít
709,VT0709,Long đền 20,con,Kim khí - Bulong - Ốc vít
710,VT0710,Tán 18,con,Kim khí - Bulong - Ốc vít
711,VT0711,Long đền 18,con,Kim khí - Bulong - Ốc vít
712,VT0712,Tán 16,con,Kim khí - Bulong - Ốc vít
713,VT0713,Long đền 16,con,Kim khí - Bulong - Ốc vít
714,VT0714,Lọc rác thường,cái,Vật tư Nước - Khí nén
715,VT0715,Bộ má phanh xe xúc,cái,Phụ tùng Xe - Máy móc
716,VT0716,Cos Y SV3.5-4 đỏ,cái,Vật tư Điện - Điện tử
717,VT0717,Cos Y SV3.5-4 xanh,cái,Vật tư Điện - Điện tử
718,VT0718,Cos Y SV3.5-4 vàng,cái,Vật tư Điện - Điện tử
719,VT0719,Cos Y SV1.25-3 xanh,cái,Vật tư Điện - Điện tử
720,VT0720,Cos Y SV5.5-4 vàng,cái,Vật tư Điện - Điện tử
721,VT0721,Cos điện nhôm 120,cái,Vật tư Điện - Điện tử
722,VT0722,Cos điện nhôm 25,cái,Vật tư Điện - Điện tử
723,VT0723,Nối điện nhôm 120,cái,Vật tư Khác
724,VT0724,Bình xịt điện 18L,cái,Công cụ - Dụng cụ - Bảo hộ
725,VT0725,Tấm lót sắt dưới máy vỡ,cái,Vật tư Khác
726,VT0726,Dây gầu tải bắp lên máy vỡ,cuộn,Thiết bị Chăn nuôi - Nông nghiệp
727,VT0727,Mâm xe xúc lật 946,cái,Phụ tùng Xe - Máy móc
728,VT0728,Dây cáp 12li,mét,Vật tư Điện - Điện tử
729,VT0729,Trục cao su 1400x1140x1080x110,bộ,Dây curoa - Nhông xích - Truyền động
730,VT0730,Trục cao su 1400x1140x1080x160,bộ,Dây curoa - Nhông xích - Truyền động
731,VT0731,Bánh xe chết 1T2,cái,Phụ tùng Xe - Máy móc
732,VT0732,Bình chữa cháy,bình,Vật tư Khác
733,VT0733,Dây mềm phi 25,mét,Vật tư Nước - Khí nén
734,VT0734,Cánh quạt xe xúc,cái,Phụ tùng Xe - Máy móc
735,VT0735,Dây curoa răng 6290( máy xịt trại xanh),sợi,Dây curoa - Nhông xích - Truyền động
736,VT0736,Dây curoa răng A31,sợi,Dây curoa - Nhông xích - Truyền động
737,VT0737,Dây curoa B35,sợi,Dây curoa - Nhông xích - Truyền động
738,VT0738,Dây curoa A30,sợi,Dây curoa - Nhông xích - Truyền động
739,VT0739,Cầu chắn rác inox 140,cái,Kim khí - Bulong - Ốc vít
740,VT0740,Dây mềm phi 35(50m),cuộn,Vật tư Nước - Khí nén
741,VT0741,Bộ núm tay trong,cái,Vật tư Khác
742,VT0742,Nắp bơm hơi,cái,Vật tư Nước - Khí nén
743,VT0743,Dây curoa răng B65,sợi,Dây curoa - Nhông xích - Truyền động
744,VT0744,van nước 114,cái,Vật tư Nước - Khí nén
745,VT0745,Cửa lồng nhỏ,cái,Thiết bị Chăn nuôi - Nông nghiệp
746,VT0746,Vỏ ngoài quạt hút,cái,Vật tư Điện - Điện tử
747,VT0747,Túi lọc bụi máy đập bắp,cái,Thiết bị Chăn nuôi - Nông nghiệp
748,VT0748,Ty 16 đen ren suốt 8.8,cây,Vật tư Khác
749,VT0749,Bulong 18x50 mạ kẽm nhúng nóng,con,Kim khí - Bulong - Ốc vít
750,VT0750,"Van gas ALKE áp suất đầu ra 1-16 bar, nút chỉnh 1-10",cái,Vật tư Nước - Khí nén
751,VT0751,Bạc đạn UCF213( Cối trộn cám),cái,Vòng bi - Bạc đạn
752,VT0752,Bulong 16x50 đen 8.8,con,Kim khí - Bulong - Ốc vít
753,VT0753,Kìm mát,sợi,Công cụ - Dụng cụ - Bảo hộ
754,VT0754,Kìm hàn,cái,Vật tư Hàn - Cắt - Gia công
755,VT0755,Đầu điếu 17,cái,Công cụ - Dụng cụ - Bảo hộ
756,VT0756,Đầu điếu 19,cái,Công cụ - Dụng cụ - Bảo hộ
757,VT0757,Dây điện CDV mềm 4x6,mét,Vật tư Điện - Điện tử
758,VT0758,CB khối ABN 404c  250A LS,cái,Vật tư Điện - Điện tử
759,VT0759,Ống thuỷ xi lanh Vetdose 0.5ml Ấn độ,cái,Công cụ - Dụng cụ - Bảo hộ
760,VT0760,Ống thuỷ xi lanh Vetdose 1ml Ấn độ,cái,Công cụ - Dụng cụ - Bảo hộ
761,VT0761,Lò xo cám xi lanh Vetdose 0.5ml Ấn độ,cái,Thiết bị Chăn nuôi - Nông nghiệp
762,VT0762,CB khối ABN 103c 50A LS,cái,Vật tư Điện - Điện tử
763,VT0763,Nước sát trùng xe D4+ DISINFECTANT CAN 25L,can,Dầu mỡ - Hóa chất - Sơn
764,VT0764,Cos Y SV5.5-4 xanh,cái,Vật tư Điện - Điện tử
765,VT0765,Cos Y SV5.5-4 đỏ,cái,Vật tư Điện - Điện tử
766,VT0766,"Dây hút nước 1,5HP",sợi,Vật tư Nước - Khí nén
767,VT0767,Bơm hỏa tiễn,bộ,Vật tư Nước - Khí nén
768,VT0768,cánh quạt inox trắng,cánh,Vật tư Điện - Điện tử
769,VT0769,Cân đóng bao,bộ,Công cụ - Dụng cụ - Bảo hộ
770,VT0770,Bạc đạn UCP205(băng tải phân),cái,Vòng bi - Bạc đạn
771,VT0771,Gá cánh quạt inox,cái,Vật tư Điện - Điện tử
772,VT0772,Đồng hồ đo điện,cái,Vật tư Điện - Điện tử
773,VT0773,Dây dù 4mm,kg,Vật tư Đóng gói - Bạt - Dây
774,VT0774,Bạc đạn 6301 koyo( bánh xe sắt dây cáp),cái,Vòng bi - Bạc đạn
775,VT0775,Cos Y chia 2-4(100 cái) xanh,bịch,Vật tư Điện - Điện tử
776,VT0776,Cos Y chia 2-4(100 cái) vàng,bịch,Vật tư Điện - Điện tử
777,VT0777,Bạc đạn 6210 koyo,cái,Vòng bi - Bạc đạn
778,VT0778,Cốt moter bơm cám lò xo 125,cái,Dây curoa - Nhông xích - Truyền động
779,VT0779,Kìm phanh xe xúc Hải Âu 927,cái,Phụ tùng Xe - Máy móc
780,VT0780,Xe rùa mủ,chiếc,Phụ tùng Xe - Máy móc
781,VT0781,Phễu bơm cám trong trại lỗ 125,cái,Thiết bị Chăn nuôi - Nông nghiệp
782,VT0782,Phễu cám tam giác 1 lỗ đơn lỗ 125,cái,Thiết bị Chăn nuôi - Nông nghiệp
783,VT0783,Phễu cám đôi 2 lỗ ngang 125,cái,Thiết bị Chăn nuôi - Nông nghiệp
784,VT0784,Phễu cám trung chuyển inox hộp vuông 125,cái,Thiết bị Chăn nuôi - Nông nghiệp
785,VT0785,Vỏ bánh xe tải,cái,Phụ tùng Xe - Máy móc
786,VT0786,Bô xe xúc lật Hoằng Giai,cái,Phụ tùng Xe - Máy móc
787,VT0787,Cao su chân máy xe 15t,cái,Vật tư Khác
788,VT0788,Moter DC cho gà ăn đã sửa,cái,Vật tư Điện - Điện tử
789,VT0789,Ắc xe xúc phi 70,cái,Phụ tùng Xe - Máy móc
790,VT0790,Dây curoa A41,sợi,Dây curoa - Nhông xích - Truyền động
791,VT0791,Pát máy xịt trại,cái,Thiết bị Chăn nuôi - Nông nghiệp
792,VT0792,Buly 120 cốt 24,cái,Dây curoa - Nhông xích - Truyền động
793,VT0793,CB tép 1 pha 25A-30A bãi,cái,Vật tư Điện - Điện tử
794,VT0794,CB tép 3 pha 20-30A bãi,cái,Vật tư Điện - Điện tử
795,VT0795,Ống bô e D130x500mm,cái,Phụ tùng Xe - Máy móc
796,VT0796,Cổ dê 130,cái,Kim khí - Bulong - Ốc vít
797,VT0797,Buly D100 cốt 42(moter cối trộn cám),cái,Dây curoa - Nhông xích - Truyền động
798,VT0798,Con lăn rulo băng tải,cái,Dây curoa - Nhông xích - Truyền động
799,VT0799,Bo 3 pha,cái,Vật tư Điện - Điện tử
800,VT0800,Đồng hồ máy đếm bao,cái,Công cụ - Dụng cụ - Bảo hộ
801,VT0801,Than 803,bộ,Vật tư Khác
802,VT0802,Đèn pha led 200w,cái,Vật tư Điện - Điện tử
803,VT0803,Lốp xe 8.5t cũ,cái,Phụ tùng Xe - Máy móc
804,VT0804,Cây bơm mỡ xâu,cái,Công cụ - Dụng cụ - Bảo hộ
805,VT0805,Miếng chặn phân gà,tấm,Thiết bị Chăn nuôi - Nông nghiệp
806,VT0806,Béc phun sương inox,cái,Vật tư Nước - Khí nén
807,VT0807,Bạc đạn UCP308( máy sàng phân),cái,Vòng bi - Bạc đạn
808,VT0808,Bạc xe xúc,cái,Phụ tùng Xe - Máy móc
809,VT0809,Long đền ắc xe xúc,cái,Phụ tùng Xe - Máy móc
810,VT0810,Bạc mắt trâu,cái,Vòng bi - Bạc đạn
811,VT0811,Bình ắc quy 12V-10AH,cái,Vật tư Điện - Điện tử
812,VT0812,Bánh xoay 150+càng,bộ,Vật tư Khác
813,VT0813,Bánh xe 150,cái,Phụ tùng Xe - Máy móc
814,VT0814,Dây hút ống 27,sợi,Vật tư Nước - Khí nén
815,VT0815,Dây curoa răng 6280(máy xịt),sợi,Dây curoa - Nhông xích - Truyền động
816,VT0816,Tủ bo 3 pha,cái,Vật tư Điện - Điện tử
817,VT0817,Cầu chia dây trung tính,cái,Vật tư Khác
818,VT0818,Ống mềm phi 30 (50m),cuộn,Vật tư Nước - Khí nén
819,VT0819,Long đền 6ly nhỏ bắn máng ăn,bịch,Thiết bị Chăn nuôi - Nông nghiệp
820,VT0820,Mâm xe xúc 932,cái,Phụ tùng Xe - Máy móc
821,VT0821,Bộ lọc gió(nhớt) xe ben 15t,bộ,Phụ tùng Xe - Máy móc
822,VT0822,Rờ le máy hơi,cái,Vật tư Điện - Điện tử
823,VT0823,Dây curoa răng 8370(máy xử lý nước thải),sợi,Dây curoa - Nhông xích - Truyền động
824,VT0824,Cánh quạt đỏ Mutifan quạt hộp 50 inch ( cánh nhựa ),,Vật tư Điện - Điện tử
